Task ID,Category,Batch Number,Batch Size,Priority,Suggested Sprint,Lane,Title
APR-B001,APR,1,25,P0,TBD,Lane A,APR batch 001 (25 TODOs)
APR-B002,APR,2,25,P0,TBD,Lane A,APR batch 002 (25 TODOs)
APR-B003,APR,3,25,P0,TBD,Lane A,APR batch 003 (25 TODOs)
APR-B004,APR,4,25,P0,TBD,Lane A,APR batch 004 (25 TODOs)
APR-B005,APR,5,25,P0,TBD,Lane A,APR batch 005 (25 TODOs)
APR-B006,APR,6,25,P0,TBD,Lane A,APR batch 006 (25 TODOs)
APR-B007,APR,7,25,P0,TBD,Lane A,APR batch 007 (25 TODOs)
APR-B008,APR,8,25,P0,TBD,Lane A,APR batch 008 (25 TODOs)
APR-B009,APR,9,25,P0,TBD,Lane A,APR batch 009 (25 TODOs)
APR-B010,APR,10,25,P0,TBD,Lane A,APR batch 010 (25 TODOs)
APR-B011,APR,11,25,P0,TBD,Lane A,APR batch 011 (25 TODOs)
APR-B012,APR,12,25,P0,TBD,Lane A,APR batch 012 (25 TODOs)
APR-B013,APR,13,25,P0,TBD,Lane A,APR batch 013 (25 TODOs)
APR-B014,APR,14,25,P0,TBD,Lane A,APR batch 014 (25 TODOs)
APR-B015,APR,15,25,P0,TBD,Lane A,APR batch 015 (25 TODOs)
APR-B016,APR,16,25,P0,TBD,Lane A,APR batch 016 (25 TODOs)
APR-B017,APR,17,25,P0,TBD,Lane A,APR batch 017 (25 TODOs)
APR-B018,APR,18,25,P0,TBD,Lane A,APR batch 018 (25 TODOs)
APR-B019,APR,19,25,P0,TBD,Lane A,APR batch 019 (25 TODOs)
APR-B020,APR,20,25,P0,TBD,Lane A,APR batch 020 (25 TODOs)
APR-B021,APR,21,25,P0,TBD,Lane A,APR batch 021 (25 TODOs)
APR-B022,APR,22,25,P0,TBD,Lane A,APR batch 022 (25 TODOs)
APR-B023,APR,23,25,P0,TBD,Lane A,APR batch 023 (25 TODOs)
APR-B024,APR,24,25,P0,TBD,Lane A,APR batch 024 (25 TODOs)
APR-B025,APR,25,25,P0,TBD,Lane A,APR batch 025 (25 TODOs)
APR-B026,APR,26,25,P0,TBD,Lane A,APR batch 026 (25 TODOs)
APR-B027,APR,27,25,P0,TBD,Lane A,APR batch 027 (25 TODOs)
APR-B028,APR,28,25,P0,TBD,Lane A,APR batch 028 (25 TODOs)
APR-B029,APR,29,25,P0,TBD,Lane A,APR batch 029 (25 TODOs)
APR-B030,APR,30,25,P0,TBD,Lane A,APR batch 030 (25 TODOs)
APR-B031,APR,31,25,P0,TBD,Lane A,APR batch 031 (25 TODOs)
APR-B032,APR,32,25,P0,TBD,Lane A,APR batch 032 (25 TODOs)
APR-B033,APR,33,25,P0,TBD,Lane A,APR batch 033 (25 TODOs)
APR-B034,APR,34,25,P0,TBD,Lane A,APR batch 034 (25 TODOs)
APR-B035,APR,35,25,P0,TBD,Lane A,APR batch 035 (25 TODOs)
APR-B036,APR,36,25,P0,TBD,Lane A,APR batch 036 (25 TODOs)
APR-B037,APR,37,25,P0,TBD,Lane A,APR batch 037 (25 TODOs)
APR-B038,APR,38,25,P0,TBD,Lane A,APR batch 038 (25 TODOs)
APR-B039,APR,39,25,P0,TBD,Lane A,APR batch 039 (25 TODOs)
APR-B040,APR,40,25,P0,TBD,Lane A,APR batch 040 (25 TODOs)
APR-B041,APR,41,25,P0,TBD,Lane A,APR batch 041 (25 TODOs)
APR-B042,APR,42,25,P0,TBD,Lane A,APR batch 042 (25 TODOs)
APR-B043,APR,43,25,P0,TBD,Lane A,APR batch 043 (25 TODOs)
APR-B044,APR,44,25,P0,TBD,Lane A,APR batch 044 (25 TODOs)
APR-B045,APR,45,25,P0,TBD,Lane A,APR batch 045 (25 TODOs)
APR-B046,APR,46,25,P0,TBD,Lane A,APR batch 046 (25 TODOs)
APR-B047,APR,47,25,P0,TBD,Lane A,APR batch 047 (25 TODOs)
APR-B048,APR,48,25,P0,TBD,Lane A,APR batch 048 (25 TODOs)
APR-B049,APR,49,25,P0,TBD,Lane A,APR batch 049 (25 TODOs)
APR-B050,APR,50,25,P0,TBD,Lane A,APR batch 050 (25 TODOs)
APR-B051,APR,51,25,P0,TBD,Lane A,APR batch 051 (25 TODOs)
APR-B052,APR,52,25,P0,TBD,Lane A,APR batch 052 (25 TODOs)
APR-B053,APR,53,25,P0,TBD,Lane A,APR batch 053 (25 TODOs)
APR-B054,APR,54,25,P0,TBD,Lane A,APR batch 054 (25 TODOs)
APR-B055,APR,55,25,P0,TBD,Lane A,APR batch 055 (25 TODOs)
APR-B056,APR,56,25,P0,TBD,Lane A,APR batch 056 (25 TODOs)
APR-B057,APR,57,25,P0,TBD,Lane A,APR batch 057 (25 TODOs)
APR-B058,APR,58,25,P0,TBD,Lane A,APR batch 058 (25 TODOs)
APR-B059,APR,59,25,P0,TBD,Lane A,APR batch 059 (25 TODOs)
APR-B060,APR,60,25,P0,TBD,Lane A,APR batch 060 (25 TODOs)
APR-B061,APR,61,25,P0,TBD,Lane A,APR batch 061 (25 TODOs)
APR-B062,APR,62,25,P0,TBD,Lane A,APR batch 062 (25 TODOs)
APR-B063,APR,63,25,P0,TBD,Lane A,APR batch 063 (25 TODOs)
APR-B064,APR,64,25,P0,TBD,Lane A,APR batch 064 (25 TODOs)
APR-B065,APR,65,25,P0,TBD,Lane A,APR batch 065 (25 TODOs)
APR-B066,APR,66,25,P0,TBD,Lane A,APR batch 066 (25 TODOs)
APR-B067,APR,67,25,P0,TBD,Lane A,APR batch 067 (25 TODOs)
APR-B068,APR,68,25,P0,TBD,Lane A,APR batch 068 (25 TODOs)
APR-B069,APR,69,25,P0,TBD,Lane A,APR batch 069 (25 TODOs)
APR-B070,APR,70,25,P0,TBD,Lane A,APR batch 070 (25 TODOs)
APR-B071,APR,71,25,P0,TBD,Lane A,APR batch 071 (25 TODOs)
APR-B072,APR,72,25,P0,TBD,Lane A,APR batch 072 (25 TODOs)
APR-B073,APR,73,25,P0,TBD,Lane A,APR batch 073 (25 TODOs)
APR-B074,APR,74,25,P0,TBD,Lane A,APR batch 074 (25 TODOs)
APR-B075,APR,75,25,P0,TBD,Lane A,APR batch 075 (25 TODOs)
APR-B076,APR,76,25,P0,TBD,Lane A,APR batch 076 (25 TODOs)
APR-B077,APR,77,25,P0,TBD,Lane A,APR batch 077 (25 TODOs)
APR-B078,APR,78,25,P0,TBD,Lane A,APR batch 078 (25 TODOs)
APR-B079,APR,79,25,P0,TBD,Lane A,APR batch 079 (25 TODOs)
APR-B080,APR,80,25,P0,TBD,Lane A,APR batch 080 (25 TODOs)
APR-B081,APR,81,25,P0,TBD,Lane A,APR batch 081 (25 TODOs)
APR-B082,APR,82,25,P0,TBD,Lane A,APR batch 082 (25 TODOs)
APR-B083,APR,83,25,P0,TBD,Lane A,APR batch 083 (25 TODOs)
APR-B084,APR,84,25,P0,TBD,Lane A,APR batch 084 (25 TODOs)
APR-B085,APR,85,25,P0,TBD,Lane A,APR batch 085 (25 TODOs)
APR-B086,APR,86,25,P0,TBD,Lane A,APR batch 086 (25 TODOs)
APR-B087,APR,87,25,P0,TBD,Lane A,APR batch 087 (25 TODOs)
APR-B088,APR,88,25,P0,TBD,Lane A,APR batch 088 (25 TODOs)
APR-B089,APR,89,25,P0,TBD,Lane A,APR batch 089 (25 TODOs)
APR-B090,APR,90,25,P0,TBD,Lane A,APR batch 090 (25 TODOs)
APR-B091,APR,91,25,P0,TBD,Lane A,APR batch 091 (25 TODOs)
APR-B092,APR,92,25,P0,TBD,Lane A,APR batch 092 (25 TODOs)
APR-B093,APR,93,25,P0,TBD,Lane A,APR batch 093 (25 TODOs)
APR-B094,APR,94,25,P0,TBD,Lane A,APR batch 094 (25 TODOs)
APR-B095,APR,95,25,P0,TBD,Lane A,APR batch 095 (25 TODOs)
APR-B096,APR,96,25,P0,TBD,Lane A,APR batch 096 (25 TODOs)
APR-B097,APR,97,25,P0,TBD,Lane A,APR batch 097 (25 TODOs)
APR-B098,APR,98,25,P0,TBD,Lane A,APR batch 098 (25 TODOs)
APR-B099,APR,99,25,P0,TBD,Lane A,APR batch 099 (25 TODOs)
APR-B100,APR,100,25,P0,TBD,Lane A,APR batch 100 (25 TODOs)
APR-B101,APR,101,25,P0,TBD,Lane A,APR batch 101 (25 TODOs)
APR-B102,APR,102,25,P0,TBD,Lane A,APR batch 102 (25 TODOs)
APR-B103,APR,103,25,P0,TBD,Lane A,APR batch 103 (25 TODOs)
APR-B104,APR,104,25,P0,TBD,Lane A,APR batch 104 (25 TODOs)
APR-B105,APR,105,25,P0,TBD,Lane A,APR batch 105 (25 TODOs)
APR-B106,APR,106,25,P0,TBD,Lane A,APR batch 106 (25 TODOs)
APR-B107,APR,107,25,P0,TBD,Lane A,APR batch 107 (25 TODOs)
APR-B108,APR,108,25,P0,TBD,Lane A,APR batch 108 (25 TODOs)
APR-B109,APR,109,25,P0,TBD,Lane A,APR batch 109 (25 TODOs)
APR-B110,APR,110,25,P0,TBD,Lane A,APR batch 110 (25 TODOs)
APR-B111,APR,111,25,P0,TBD,Lane A,APR batch 111 (25 TODOs)
APR-B112,APR,112,25,P0,TBD,Lane A,APR batch 112 (25 TODOs)
APR-B113,APR,113,25,P0,TBD,Lane A,APR batch 113 (25 TODOs)
APR-B114,APR,114,25,P0,TBD,Lane A,APR batch 114 (25 TODOs)
APR-B115,APR,115,25,P0,TBD,Lane A,APR batch 115 (25 TODOs)
APR-B116,APR,116,25,P0,TBD,Lane A,APR batch 116 (25 TODOs)
APR-B117,APR,117,25,P0,TBD,Lane A,APR batch 117 (25 TODOs)
APR-B118,APR,118,25,P0,TBD,Lane A,APR batch 118 (25 TODOs)
APR-B119,APR,119,25,P0,TBD,Lane A,APR batch 119 (25 TODOs)
APR-B120,APR,120,25,P0,TBD,Lane A,APR batch 120 (25 TODOs)
APR-B121,APR,121,25,P0,TBD,Lane A,APR batch 121 (25 TODOs)
APR-B122,APR,122,25,P0,TBD,Lane A,APR batch 122 (25 TODOs)
APR-B123,APR,123,25,P0,TBD,Lane A,APR batch 123 (25 TODOs)
APR-B124,APR,124,25,P0,TBD,Lane A,APR batch 124 (25 TODOs)
APR-B125,APR,125,25,P0,TBD,Lane A,APR batch 125 (25 TODOs)
APR-B126,APR,126,25,P0,TBD,Lane A,APR batch 126 (25 TODOs)
APR-B127,APR,127,25,P0,TBD,Lane A,APR batch 127 (25 TODOs)
APR-B128,APR,128,25,P0,TBD,Lane A,APR batch 128 (25 TODOs)
APR-B129,APR,129,25,P0,TBD,Lane A,APR batch 129 (25 TODOs)
APR-B130,APR,130,25,P0,TBD,Lane A,APR batch 130 (25 TODOs)
APR-B131,APR,131,25,P0,TBD,Lane A,APR batch 131 (25 TODOs)
APR-B132,APR,132,25,P0,TBD,Lane A,APR batch 132 (25 TODOs)
APR-B133,APR,133,25,P0,TBD,Lane A,APR batch 133 (25 TODOs)
APR-B134,APR,134,25,P0,TBD,Lane A,APR batch 134 (25 TODOs)
APR-B135,APR,135,25,P0,TBD,Lane A,APR batch 135 (25 TODOs)
APR-B136,APR,136,25,P0,TBD,Lane A,APR batch 136 (25 TODOs)
APR-B137,APR,137,25,P0,TBD,Lane A,APR batch 137 (25 TODOs)
APR-B138,APR,138,25,P0,TBD,Lane A,APR batch 138 (25 TODOs)
APR-B139,APR,139,25,P0,TBD,Lane A,APR batch 139 (25 TODOs)
APR-B140,APR,140,25,P0,TBD,Lane A,APR batch 140 (25 TODOs)
APR-B141,APR,141,25,P0,TBD,Lane A,APR batch 141 (25 TODOs)
APR-B142,APR,142,25,P0,TBD,Lane A,APR batch 142 (25 TODOs)
APR-B143,APR,143,25,P0,TBD,Lane A,APR batch 143 (25 TODOs)
APR-B144,APR,144,25,P0,TBD,Lane A,APR batch 144 (25 TODOs)
APR-B145,APR,145,25,P0,TBD,Lane A,APR batch 145 (25 TODOs)
APR-B146,APR,146,25,P0,TBD,Lane A,APR batch 146 (25 TODOs)
APR-B147,APR,147,25,P0,TBD,Lane A,APR batch 147 (25 TODOs)
APR-B148,APR,148,25,P0,TBD,Lane A,APR batch 148 (25 TODOs)
APR-B149,APR,149,25,P0,TBD,Lane A,APR batch 149 (25 TODOs)
APR-B150,APR,150,25,P0,TBD,Lane A,APR batch 150 (25 TODOs)
APR-B151,APR,151,25,P0,TBD,Lane A,APR batch 151 (25 TODOs)
APR-B152,APR,152,25,P0,TBD,Lane A,APR batch 152 (25 TODOs)
APR-B153,APR,153,25,P0,TBD,Lane A,APR batch 153 (25 TODOs)
APR-B154,APR,154,25,P0,TBD,Lane A,APR batch 154 (25 TODOs)
APR-B155,APR,155,25,P0,TBD,Lane A,APR batch 155 (25 TODOs)
APR-B156,APR,156,25,P0,TBD,Lane A,APR batch 156 (25 TODOs)
APR-B157,APR,157,25,P0,TBD,Lane A,APR batch 157 (25 TODOs)
APR-B158,APR,158,25,P0,TBD,Lane A,APR batch 158 (25 TODOs)
APR-B159,APR,159,25,P0,TBD,Lane A,APR batch 159 (25 TODOs)
APR-B160,APR,160,25,P0,TBD,Lane A,APR batch 160 (25 TODOs)
APR-B161,APR,161,25,P0,TBD,Lane A,APR batch 161 (25 TODOs)
APR-B162,APR,162,25,P0,TBD,Lane A,APR batch 162 (25 TODOs)
APR-B163,APR,163,25,P0,TBD,Lane A,APR batch 163 (25 TODOs)
APR-B164,APR,164,25,P0,TBD,Lane A,APR batch 164 (25 TODOs)
APR-B165,APR,165,25,P0,TBD,Lane A,APR batch 165 (25 TODOs)
APR-B166,APR,166,25,P0,TBD,Lane A,APR batch 166 (25 TODOs)
APR-B167,APR,167,25,P0,TBD,Lane A,APR batch 167 (25 TODOs)
APR-B168,APR,168,25,P0,TBD,Lane A,APR batch 168 (25 TODOs)
APR-B169,APR,169,25,P0,TBD,Lane A,APR batch 169 (25 TODOs)
APR-B170,APR,170,25,P0,TBD,Lane A,APR batch 170 (25 TODOs)
APR-B171,APR,171,25,P0,TBD,Lane A,APR batch 171 (25 TODOs)
APR-B172,APR,172,25,P0,TBD,Lane A,APR batch 172 (25 TODOs)
APR-B173,APR,173,25,P0,TBD,Lane A,APR batch 173 (25 TODOs)
APR-B174,APR,174,25,P0,TBD,Lane A,APR batch 174 (25 TODOs)
APR-B175,APR,175,25,P0,TBD,Lane A,APR batch 175 (25 TODOs)
APR-B176,APR,176,25,P0,TBD,Lane A,APR batch 176 (25 TODOs)
APR-B177,APR,177,25,P0,TBD,Lane A,APR batch 177 (25 TODOs)
APR-B178,APR,178,25,P0,TBD,Lane A,APR batch 178 (25 TODOs)
APR-B179,APR,179,25,P0,TBD,Lane A,APR batch 179 (25 TODOs)
APR-B180,APR,180,25,P0,TBD,Lane A,APR batch 180 (25 TODOs)
APR-B181,APR,181,25,P0,TBD,Lane A,APR batch 181 (25 TODOs)
APR-B182,APR,182,25,P0,TBD,Lane A,APR batch 182 (25 TODOs)
APR-B183,APR,183,25,P0,TBD,Lane A,APR batch 183 (25 TODOs)
APR-B184,APR,184,25,P0,TBD,Lane A,APR batch 184 (25 TODOs)
APR-B185,APR,185,25,P0,TBD,Lane A,APR batch 185 (25 TODOs)
APR-B186,APR,186,25,P0,TBD,Lane A,APR batch 186 (25 TODOs)
APR-B187,APR,187,25,P0,TBD,Lane A,APR batch 187 (25 TODOs)
APR-B188,APR,188,25,P0,TBD,Lane A,APR batch 188 (25 TODOs)
APR-B189,APR,189,25,P0,TBD,Lane A,APR batch 189 (25 TODOs)
APR-B190,APR,190,25,P0,TBD,Lane A,APR batch 190 (25 TODOs)
APR-B191,APR,191,25,P0,TBD,Lane A,APR batch 191 (25 TODOs)
APR-B192,APR,192,25,P0,TBD,Lane A,APR batch 192 (25 TODOs)
APR-B193,APR,193,25,P0,TBD,Lane A,APR batch 193 (25 TODOs)
APR-B194,APR,194,25,P0,TBD,Lane A,APR batch 194 (25 TODOs)
APR-B195,APR,195,25,P0,TBD,Lane A,APR batch 195 (25 TODOs)
APR-B196,APR,196,25,P0,TBD,Lane A,APR batch 196 (25 TODOs)
APR-B197,APR,197,25,P0,TBD,Lane A,APR batch 197 (25 TODOs)
APR-B198,APR,198,25,P0,TBD,Lane A,APR batch 198 (25 TODOs)
APR-B199,APR,199,25,P0,TBD,Lane A,APR batch 199 (25 TODOs)
APR-B200,APR,200,25,P0,TBD,Lane A,APR batch 200 (25 TODOs)
APR-B201,APR,201,25,P0,TBD,Lane A,APR batch 201 (25 TODOs)
APR-B202,APR,202,25,P0,TBD,Lane A,APR batch 202 (25 TODOs)
APR-B203,APR,203,25,P0,TBD,Lane A,APR batch 203 (25 TODOs)
APR-B204,APR,204,25,P0,TBD,Lane A,APR batch 204 (25 TODOs)
APR-B205,APR,205,25,P0,TBD,Lane A,APR batch 205 (25 TODOs)
APR-B206,APR,206,25,P0,TBD,Lane A,APR batch 206 (25 TODOs)
APR-B207,APR,207,25,P0,TBD,Lane A,APR batch 207 (25 TODOs)
APR-B208,APR,208,25,P0,TBD,Lane A,APR batch 208 (25 TODOs)
APR-B209,APR,209,25,P0,TBD,Lane A,APR batch 209 (25 TODOs)
APR-B210,APR,210,25,P0,TBD,Lane A,APR batch 210 (25 TODOs)
APR-B211,APR,211,25,P0,TBD,Lane A,APR batch 211 (25 TODOs)
APR-B212,APR,212,25,P0,TBD,Lane A,APR batch 212 (25 TODOs)
APR-B213,APR,213,25,P0,TBD,Lane A,APR batch 213 (25 TODOs)
APR-B214,APR,214,25,P0,TBD,Lane A,APR batch 214 (25 TODOs)
APR-B215,APR,215,25,P0,TBD,Lane A,APR batch 215 (25 TODOs)
APR-B216,APR,216,25,P0,TBD,Lane A,APR batch 216 (25 TODOs)
APR-B217,APR,217,25,P0,TBD,Lane A,APR batch 217 (25 TODOs)
APR-B218,APR,218,25,P0,TBD,Lane A,APR batch 218 (25 TODOs)
APR-B219,APR,219,25,P0,TBD,Lane A,APR batch 219 (25 TODOs)
APR-B220,APR,220,25,P0,TBD,Lane A,APR batch 220 (25 TODOs)
APR-B221,APR,221,25,P0,TBD,Lane A,APR batch 221 (25 TODOs)
APR-B222,APR,222,25,P0,TBD,Lane A,APR batch 222 (25 TODOs)
APR-B223,APR,223,25,P0,TBD,Lane A,APR batch 223 (25 TODOs)
APR-B224,APR,224,25,P0,TBD,Lane A,APR batch 224 (25 TODOs)
APR-B225,APR,225,25,P0,TBD,Lane A,APR batch 225 (25 TODOs)
APR-B226,APR,226,25,P0,TBD,Lane A,APR batch 226 (25 TODOs)
APR-B227,APR,227,25,P0,TBD,Lane A,APR batch 227 (25 TODOs)
APR-B228,APR,228,25,P0,TBD,Lane A,APR batch 228 (25 TODOs)
APR-B229,APR,229,25,P0,TBD,Lane A,APR batch 229 (25 TODOs)
APR-B230,APR,230,25,P0,TBD,Lane A,APR batch 230 (25 TODOs)
APR-B231,APR,231,25,P0,TBD,Lane A,APR batch 231 (25 TODOs)
APR-B232,APR,232,25,P0,TBD,Lane A,APR batch 232 (25 TODOs)
APR-B233,APR,233,25,P0,TBD,Lane A,APR batch 233 (25 TODOs)
APR-B234,APR,234,25,P0,TBD,Lane A,APR batch 234 (25 TODOs)
APR-B235,APR,235,25,P0,TBD,Lane A,APR batch 235 (25 TODOs)
APR-B236,APR,236,25,P0,TBD,Lane A,APR batch 236 (25 TODOs)
APR-B237,APR,237,25,P0,TBD,Lane A,APR batch 237 (25 TODOs)
APR-B238,APR,238,25,P0,TBD,Lane A,APR batch 238 (25 TODOs)
APR-B239,APR,239,25,P0,TBD,Lane A,APR batch 239 (25 TODOs)
APR-B240,APR,240,25,P0,TBD,Lane A,APR batch 240 (25 TODOs)
APR-B241,APR,241,25,P0,TBD,Lane A,APR batch 241 (25 TODOs)
APR-B242,APR,242,25,P0,TBD,Lane A,APR batch 242 (25 TODOs)
APR-B243,APR,243,25,P0,TBD,Lane A,APR batch 243 (25 TODOs)
APR-B244,APR,244,25,P0,TBD,Lane A,APR batch 244 (25 TODOs)
APR-B245,APR,245,25,P0,TBD,Lane A,APR batch 245 (25 TODOs)
APR-B246,APR,246,25,P0,TBD,Lane A,APR batch 246 (25 TODOs)
APR-B247,APR,247,25,P0,TBD,Lane A,APR batch 247 (25 TODOs)
APR-B248,APR,248,25,P0,TBD,Lane A,APR batch 248 (25 TODOs)
APR-B249,APR,249,25,P0,TBD,Lane A,APR batch 249 (25 TODOs)
APR-B250,APR,250,25,P0,TBD,Lane A,APR batch 250 (25 TODOs)
APR-B251,APR,251,25,P0,TBD,Lane A,APR batch 251 (25 TODOs)
APR-B252,APR,252,25,P0,TBD,Lane A,APR batch 252 (25 TODOs)
APR-B253,APR,253,25,P0,TBD,Lane A,APR batch 253 (25 TODOs)
APR-B254,APR,254,25,P0,TBD,Lane A,APR batch 254 (25 TODOs)
APR-B255,APR,255,25,P0,TBD,Lane A,APR batch 255 (25 TODOs)
APR-B256,APR,256,25,P0,TBD,Lane A,APR batch 256 (25 TODOs)
APR-B257,APR,257,25,P0,TBD,Lane A,APR batch 257 (25 TODOs)
APR-B258,APR,258,25,P0,TBD,Lane A,APR batch 258 (25 TODOs)
APR-B259,APR,259,25,P0,TBD,Lane A,APR batch 259 (25 TODOs)
APR-B260,APR,260,25,P0,TBD,Lane A,APR batch 260 (25 TODOs)
APR-B261,APR,261,25,P0,TBD,Lane A,APR batch 261 (25 TODOs)
APR-B262,APR,262,25,P0,TBD,Lane A,APR batch 262 (25 TODOs)
APR-B263,APR,263,25,P0,TBD,Lane A,APR batch 263 (25 TODOs)
APR-B264,APR,264,25,P0,TBD,Lane A,APR batch 264 (25 TODOs)
APR-B265,APR,265,25,P0,TBD,Lane A,APR batch 265 (25 TODOs)
APR-B266,APR,266,25,P0,TBD,Lane A,APR batch 266 (25 TODOs)
APR-B267,APR,267,25,P0,TBD,Lane A,APR batch 267 (25 TODOs)
APR-B268,APR,268,25,P0,TBD,Lane A,APR batch 268 (25 TODOs)
APR-B269,APR,269,25,P0,TBD,Lane A,APR batch 269 (25 TODOs)
APR-B270,APR,270,25,P0,TBD,Lane A,APR batch 270 (25 TODOs)
APR-B271,APR,271,15,P0,TBD,Lane A,APR batch 271 (15 TODOs)
GPU-B001,GPU,1,25,P0,TBD,Lane B,GPU batch 001 (25 TODOs)
GPU-B002,GPU,2,25,P0,TBD,Lane B,GPU batch 002 (25 TODOs)
GPU-B003,GPU,3,25,P0,TBD,Lane B,GPU batch 003 (25 TODOs)
GPU-B004,GPU,4,25,P0,TBD,Lane B,GPU batch 004 (25 TODOs)
GPU-B005,GPU,5,25,P0,TBD,Lane B,GPU batch 005 (25 TODOs)
GPU-B006,GPU,6,25,P0,TBD,Lane B,GPU batch 006 (25 TODOs)
GPU-B007,GPU,7,25,P0,TBD,Lane B,GPU batch 007 (25 TODOs)
GPU-B008,GPU,8,25,P0,TBD,Lane B,GPU batch 008 (25 TODOs)
GPU-B009,GPU,9,25,P0,TBD,Lane B,GPU batch 009 (25 TODOs)
GPU-B010,GPU,10,25,P0,TBD,Lane B,GPU batch 010 (25 TODOs)
GPU-B011,GPU,11,25,P0,TBD,Lane B,GPU batch 011 (25 TODOs)
GPU-B012,GPU,12,25,P0,TBD,Lane B,GPU batch 012 (25 TODOs)
GPU-B013,GPU,13,25,P0,TBD,Lane B,GPU batch 013 (25 TODOs)
GPU-B014,GPU,14,25,P0,TBD,Lane B,GPU batch 014 (25 TODOs)
GPU-B015,GPU,15,25,P0,TBD,Lane B,GPU batch 015 (25 TODOs)
GPU-B016,GPU,16,25,P0,TBD,Lane B,GPU batch 016 (25 TODOs)
GPU-B017,GPU,17,25,P0,TBD,Lane B,GPU batch 017 (25 TODOs)
GPU-B018,GPU,18,25,P0,TBD,Lane B,GPU batch 018 (25 TODOs)
GPU-B019,GPU,19,25,P0,TBD,Lane B,GPU batch 019 (25 TODOs)
GPU-B020,GPU,20,25,P0,TBD,Lane B,GPU batch 020 (25 TODOs)
GPU-B021,GPU,21,25,P0,TBD,Lane B,GPU batch 021 (25 TODOs)
GPU-B022,GPU,22,25,P0,TBD,Lane B,GPU batch 022 (25 TODOs)
GPU-B023,GPU,23,25,P0,TBD,Lane B,GPU batch 023 (25 TODOs)
GPU-B024,GPU,24,25,P0,TBD,Lane B,GPU batch 024 (25 TODOs)
GPU-B025,GPU,25,25,P0,TBD,Lane B,GPU batch 025 (25 TODOs)
GPU-B026,GPU,26,25,P0,TBD,Lane B,GPU batch 026 (25 TODOs)
GPU-B027,GPU,27,25,P0,TBD,Lane B,GPU batch 027 (25 TODOs)
GPU-B028,GPU,28,25,P0,TBD,Lane B,GPU batch 028 (25 TODOs)
GPU-B029,GPU,29,25,P0,TBD,Lane B,GPU batch 029 (25 TODOs)
GPU-B030,GPU,30,25,P0,TBD,Lane B,GPU batch 030 (25 TODOs)
GPU-B031,GPU,31,25,P0,TBD,Lane B,GPU batch 031 (25 TODOs)
GPU-B032,GPU,32,25,P0,TBD,Lane B,GPU batch 032 (25 TODOs)
GPU-B033,GPU,33,25,P0,TBD,Lane B,GPU batch 033 (25 TODOs)
GPU-B034,GPU,34,25,P0,TBD,Lane B,GPU batch 034 (25 TODOs)
GPU-B035,GPU,35,25,P0,TBD,Lane B,GPU batch 035 (25 TODOs)
GPU-B036,GPU,36,25,P0,TBD,Lane B,GPU batch 036 (25 TODOs)
GPU-B037,GPU,37,25,P0,TBD,Lane B,GPU batch 037 (25 TODOs)
GPU-B038,GPU,38,25,P0,TBD,Lane B,GPU batch 038 (25 TODOs)
GPU-B039,GPU,39,25,P0,TBD,Lane B,GPU batch 039 (25 TODOs)
GPU-B040,GPU,40,25,P0,TBD,Lane B,GPU batch 040 (25 TODOs)
GPU-B041,GPU,41,25,P0,TBD,Lane B,GPU batch 041 (25 TODOs)
GPU-B042,GPU,42,25,P0,TBD,Lane B,GPU batch 042 (25 TODOs)
GPU-B043,GPU,43,25,P0,TBD,Lane B,GPU batch 043 (25 TODOs)
GPU-B044,GPU,44,25,P0,TBD,Lane B,GPU batch 044 (25 TODOs)
GPU-B045,GPU,45,25,P0,TBD,Lane B,GPU batch 045 (25 TODOs)
GPU-B046,GPU,46,25,P0,TBD,Lane B,GPU batch 046 (25 TODOs)
GPU-B047,GPU,47,25,P0,TBD,Lane B,GPU batch 047 (25 TODOs)
GPU-B048,GPU,48,25,P0,TBD,Lane B,GPU batch 048 (25 TODOs)
GPU-B049,GPU,49,25,P0,TBD,Lane B,GPU batch 049 (25 TODOs)
GPU-B050,GPU,50,25,P0,TBD,Lane B,GPU batch 050 (25 TODOs)
GPU-B051,GPU,51,25,P0,TBD,Lane B,GPU batch 051 (25 TODOs)
GPU-B052,GPU,52,25,P0,TBD,Lane B,GPU batch 052 (25 TODOs)
GPU-B053,GPU,53,25,P0,TBD,Lane B,GPU batch 053 (25 TODOs)
GPU-B054,GPU,54,25,P0,TBD,Lane B,GPU batch 054 (25 TODOs)
GPU-B055,GPU,55,25,P0,TBD,Lane B,GPU batch 055 (25 TODOs)
GPU-B056,GPU,56,25,P0,TBD,Lane B,GPU batch 056 (25 TODOs)
GPU-B057,GPU,57,25,P0,TBD,Lane B,GPU batch 057 (25 TODOs)
GPU-B058,GPU,58,25,P0,TBD,Lane B,GPU batch 058 (25 TODOs)
GPU-B059,GPU,59,25,P0,TBD,Lane B,GPU batch 059 (25 TODOs)
GPU-B060,GPU,60,25,P0,TBD,Lane B,GPU batch 060 (25 TODOs)
GPU-B061,GPU,61,25,P0,TBD,Lane B,GPU batch 061 (25 TODOs)
GPU-B062,GPU,62,25,P0,TBD,Lane B,GPU batch 062 (25 TODOs)
GPU-B063,GPU,63,25,P0,TBD,Lane B,GPU batch 063 (25 TODOs)
GPU-B064,GPU,64,25,P0,TBD,Lane B,GPU batch 064 (25 TODOs)
GPU-B065,GPU,65,25,P0,TBD,Lane B,GPU batch 065 (25 TODOs)
GPU-B066,GPU,66,25,P0,TBD,Lane B,GPU batch 066 (25 TODOs)
GPU-B067,GPU,67,25,P0,TBD,Lane B,GPU batch 067 (25 TODOs)
GPU-B068,GPU,68,25,P0,TBD,Lane B,GPU batch 068 (25 TODOs)
GPU-B069,GPU,69,25,P0,TBD,Lane B,GPU batch 069 (25 TODOs)
GPU-B070,GPU,70,25,P0,TBD,Lane B,GPU batch 070 (25 TODOs)
GPU-B071,GPU,71,25,P0,TBD,Lane B,GPU batch 071 (25 TODOs)
GPU-B072,GPU,72,25,P0,TBD,Lane B,GPU batch 072 (25 TODOs)
GPU-B073,GPU,73,25,P0,TBD,Lane B,GPU batch 073 (25 TODOs)
GPU-B074,GPU,74,25,P0,TBD,Lane B,GPU batch 074 (25 TODOs)
GPU-B075,GPU,75,25,P0,TBD,Lane B,GPU batch 075 (25 TODOs)
GPU-B076,GPU,76,25,P0,TBD,Lane B,GPU batch 076 (25 TODOs)
GPU-B077,GPU,77,25,P0,TBD,Lane B,GPU batch 077 (25 TODOs)
GPU-B078,GPU,78,25,P0,TBD,Lane B,GPU batch 078 (25 TODOs)
GPU-B079,GPU,79,25,P0,TBD,Lane B,GPU batch 079 (25 TODOs)
GPU-B080,GPU,80,25,P0,TBD,Lane B,GPU batch 080 (25 TODOs)
GPU-B081,GPU,81,25,P0,TBD,Lane B,GPU batch 081 (25 TODOs)
GPU-B082,GPU,82,25,P0,TBD,Lane B,GPU batch 082 (25 TODOs)
GPU-B083,GPU,83,25,P0,TBD,Lane B,GPU batch 083 (25 TODOs)
GPU-B084,GPU,84,25,P0,TBD,Lane B,GPU batch 084 (25 TODOs)
GPU-B085,GPU,85,25,P0,TBD,Lane B,GPU batch 085 (25 TODOs)
GPU-B086,GPU,86,25,P0,TBD,Lane B,GPU batch 086 (25 TODOs)
GPU-B087,GPU,87,25,P0,TBD,Lane B,GPU batch 087 (25 TODOs)
GPU-B088,GPU,88,25,P0,TBD,Lane B,GPU batch 088 (25 TODOs)
GPU-B089,GPU,89,25,P0,TBD,Lane B,GPU batch 089 (25 TODOs)
GPU-B090,GPU,90,25,P0,TBD,Lane B,GPU batch 090 (25 TODOs)
GPU-B091,GPU,91,25,P0,TBD,Lane B,GPU batch 091 (25 TODOs)
GPU-B092,GPU,92,25,P0,TBD,Lane B,GPU batch 092 (25 TODOs)
GPU-B093,GPU,93,25,P0,TBD,Lane B,GPU batch 093 (25 TODOs)
GPU-B094,GPU,94,25,P0,TBD,Lane B,GPU batch 094 (25 TODOs)
GPU-B095,GPU,95,25,P0,TBD,Lane B,GPU batch 095 (25 TODOs)
GPU-B096,GPU,96,25,P0,TBD,Lane B,GPU batch 096 (25 TODOs)
GPU-B097,GPU,97,25,P0,TBD,Lane B,GPU batch 097 (25 TODOs)
GPU-B098,GPU,98,25,P0,TBD,Lane B,GPU batch 098 (25 TODOs)
GPU-B099,GPU,99,25,P0,TBD,Lane B,GPU batch 099 (25 TODOs)
GPU-B100,GPU,100,25,P0,TBD,Lane B,GPU batch 100 (25 TODOs)
GPU-B101,GPU,101,25,P0,TBD,Lane B,GPU batch 101 (25 TODOs)
GPU-B102,GPU,102,25,P0,TBD,Lane B,GPU batch 102 (25 TODOs)
GPU-B103,GPU,103,25,P0,TBD,Lane B,GPU batch 103 (25 TODOs)
GPU-B104,GPU,104,25,P0,TBD,Lane B,GPU batch 104 (25 TODOs)
GPU-B105,GPU,105,25,P0,TBD,Lane B,GPU batch 105 (25 TODOs)
GPU-B106,GPU,106,25,P0,TBD,Lane B,GPU batch 106 (25 TODOs)
GPU-B107,GPU,107,25,P0,TBD,Lane B,GPU batch 107 (25 TODOs)
GPU-B108,GPU,108,25,P0,TBD,Lane B,GPU batch 108 (25 TODOs)
GPU-B109,GPU,109,25,P0,TBD,Lane B,GPU batch 109 (25 TODOs)
GPU-B110,GPU,110,25,P0,TBD,Lane B,GPU batch 110 (25 TODOs)
GPU-B111,GPU,111,25,P0,TBD,Lane B,GPU batch 111 (25 TODOs)
GPU-B112,GPU,112,25,P0,TBD,Lane B,GPU batch 112 (25 TODOs)
GPU-B113,GPU,113,25,P0,TBD,Lane B,GPU batch 113 (25 TODOs)
GPU-B114,GPU,114,25,P0,TBD,Lane B,GPU batch 114 (25 TODOs)
GPU-B115,GPU,115,25,P0,TBD,Lane B,GPU batch 115 (25 TODOs)
GPU-B116,GPU,116,25,P0,TBD,Lane B,GPU batch 116 (25 TODOs)
GPU-B117,GPU,117,25,P0,TBD,Lane B,GPU batch 117 (25 TODOs)
GPU-B118,GPU,118,25,P0,TBD,Lane B,GPU batch 118 (25 TODOs)
GPU-B119,GPU,119,25,P0,TBD,Lane B,GPU batch 119 (25 TODOs)
GPU-B120,GPU,120,25,P0,TBD,Lane B,GPU batch 120 (25 TODOs)
GPU-B121,GPU,121,25,P0,TBD,Lane B,GPU batch 121 (25 TODOs)
GPU-B122,GPU,122,25,P0,TBD,Lane B,GPU batch 122 (25 TODOs)
GPU-B123,GPU,123,25,P0,TBD,Lane B,GPU batch 123 (25 TODOs)
GPU-B124,GPU,124,25,P0,TBD,Lane B,GPU batch 124 (25 TODOs)
GPU-B125,GPU,125,25,P0,TBD,Lane B,GPU batch 125 (25 TODOs)
GPU-B126,GPU,126,25,P0,TBD,Lane B,GPU batch 126 (25 TODOs)
GPU-B127,GPU,127,25,P0,TBD,Lane B,GPU batch 127 (25 TODOs)
GPU-B128,GPU,128,25,P0,TBD,Lane B,GPU batch 128 (25 TODOs)
GPU-B129,GPU,129,25,P0,TBD,Lane B,GPU batch 129 (25 TODOs)
GPU-B130,GPU,130,25,P0,TBD,Lane B,GPU batch 130 (25 TODOs)
GPU-B131,GPU,131,25,P0,TBD,Lane B,GPU batch 131 (25 TODOs)
GPU-B132,GPU,132,22,P0,TBD,Lane B,GPU batch 132 (22 TODOs)
PLATFORM-B001,Platform,1,25,P1,TBD,Lane A,Platform batch 001 (25 TODOs)
PLATFORM-B002,Platform,2,25,P1,TBD,Lane A,Platform batch 002 (25 TODOs)
PLATFORM-B003,Platform,3,25,P1,TBD,Lane A,Platform batch 003 (25 TODOs)
PLATFORM-B004,Platform,4,25,P1,TBD,Lane A,Platform batch 004 (25 TODOs)
PLATFORM-B005,Platform,5,25,P1,TBD,Lane A,Platform batch 005 (25 TODOs)
PLATFORM-B006,Platform,6,25,P1,TBD,Lane A,Platform batch 006 (25 TODOs)
PLATFORM-B007,Platform,7,25,P1,TBD,Lane A,Platform batch 007 (25 TODOs)
PLATFORM-B008,Platform,8,25,P1,TBD,Lane A,Platform batch 008 (25 TODOs)
PLATFORM-B009,Platform,9,25,P1,TBD,Lane A,Platform batch 009 (25 TODOs)
PLATFORM-B010,Platform,10,25,P1,TBD,Lane A,Platform batch 010 (25 TODOs)
PLATFORM-B011,Platform,11,25,P1,TBD,Lane A,Platform batch 011 (25 TODOs)
PLATFORM-B012,Platform,12,25,P1,TBD,Lane A,Platform batch 012 (25 TODOs)
PLATFORM-B013,Platform,13,25,P1,TBD,Lane A,Platform batch 013 (25 TODOs)
PLATFORM-B014,Platform,14,25,P1,TBD,Lane A,Platform batch 014 (25 TODOs)
PLATFORM-B015,Platform,15,20,P1,TBD,Lane A,Platform batch 015 (20 TODOs)
IPC-B001,IPC,1,25,P1,TBD,Lane A,IPC batch 001 (25 TODOs)
IPC-B002,IPC,2,25,P1,TBD,Lane A,IPC batch 002 (25 TODOs)
IPC-B003,IPC,3,25,P1,TBD,Lane A,IPC batch 003 (25 TODOs)
IPC-B004,IPC,4,25,P1,TBD,Lane A,IPC batch 004 (25 TODOs)
IPC-B005,IPC,5,2,P1,TBD,Lane A,IPC batch 005 (2 TODOs)
GL-B001,GL,1,25,P1,TBD,Lane B,GL batch 001 (25 TODOs)
GL-B002,GL,2,25,P1,TBD,Lane B,GL batch 002 (25 TODOs)
GL-B003,GL,3,25,P1,TBD,Lane B,GL batch 003 (25 TODOs)
GL-B004,GL,4,10,P1,TBD,Lane B,GL batch 004 (10 TODOs)
CODEC-B001,CODEC,1,25,P1,TBD,Lane C,CODEC batch 001 (25 TODOs)
CODEC-B002,CODEC,2,25,P1,TBD,Lane C,CODEC batch 002 (25 TODOs)
CODEC-B003,CODEC,3,5,P1,TBD,Lane C,CODEC batch 003 (5 TODOs)
VIVOX-B001,VIVOX,1,25,P2,TBD,Lane C,VIVOX batch 001 (25 TODOs)
VIVOX-B002,VIVOX,2,7,P2,TBD,Lane C,VIVOX batch 002 (7 TODOs)
HTTP-B001,HTTP,1,25,P2,TBD,Lane C,HTTP batch 001 (25 TODOs)
HTTP-B002,HTTP,2,6,P2,TBD,Lane C,HTTP batch 002 (6 TODOs)
PANEL-B001,PANEL,1,25,P2,TBD,Lane B,PANEL batch 001 (25 TODOs)
PANEL-B002,PANEL,2,3,P2,TBD,Lane B,PANEL batch 002 (3 TODOs)
UI-B001,UI,1,25,P2,TBD,Lane B,UI batch 001 (25 TODOs)
FILTER-B001,FILTER,1,17,P2,TBD,Lane B,FILTER batch 001 (17 TODOs)
DISCORD-B001,DISCORD,1,16,P2,TBD,Lane C,DISCORD batch 001 (16 TODOs)
LLFLOATERREG-B001,LLFloaterReg,1,11,P2,TBD,Lane D,LLFloaterReg batch 001 (11 TODOs)
AUDIO-B001,AUDIO,1,9,P3,TBD,Lane C,AUDIO batch 001 (9 TODOs)
CONTACTSETS-B001,CONTACTSETS,1,9,P3,TBD,Lane D,CONTACTSETS batch 001 (9 TODOs)
PORT-LLMODEL-B001,Port LLModel,1,7,P3,TBD,Lane D,Port LLModel batch 001 (7 TODOs)
IF-ID-NON-NULL-B001,If id non-null,1,6,P3,TBD,Lane D,If id non-null batch 001 (6 TODOs)
KEYWORDS-B001,KEYWORDS,1,6,P3,TBD,Lane D,KEYWORDS batch 001 (6 TODOs)
MONEYTRACKER-B001,MONEYTRACKER,1,5,P3,TBD,Lane D,MONEYTRACKER batch 001 (5 TODOs)
IO-B001,IO,1,4,P3,TBD,Lane D,IO batch 001 (4 TODOs)
LLAVATARACTIONS-B001,LLAvatarActions,1,4,P3,TBD,Lane D,LLAvatarActions batch 001 (4 TODOs)
LLAVATARCOMPLEXITYCONTROLS-B001,LLAvatarComplexityControls,1,4,P3,TBD,Lane D,LLAvatarComplexityControls batch 001 (4 TODOs)
NETWORK-B001,Network,1,4,P3,TBD,Lane D,Network batch 001 (4 TODOs)
STUB-B001,stub,1,4,P3,TBD,Lane D,stub batch 001 (4 TODOs)
LLGROUPACTIONS-B001,LLGroupActions,1,3,P3,TBD,Lane D,LLGroupActions batch 001 (3 TODOs)
CONTACTSETS-B001,ContactSets,1,2,P3,TBD,Lane D,ContactSets batch 001 (2 TODOs)
OCCLUSION-B001,OCCLUSION,1,2,P3,TBD,Lane D,OCCLUSION batch 001 (2 TODOs)
OCTREE-B001,OCTREE,1,2,P3,TBD,Lane D,OCTREE batch 001 (2 TODOs)
PORT-LLVOLUME-B001,Port LLVolume,1,2,P3,TBD,Lane D,Port LLVolume batch 001 (2 TODOs)
QUERY-AVATAR-SELF-B001,Query avatar self,1,2,P3,TBD,Lane D,Query avatar self batch 001 (2 TODOs)
APR-POOL-B001,APR Pool,1,1,P3,TBD,Lane D,APR Pool batch 001 (1 TODOs)
APR-VOLATILEPOOL-B001,APR VolatilePool,1,1,P3,TBD,Lane D,APR VolatilePool batch 001 (1 TODOs)
CALL-LLPANELPREFERENCE-B001,Call LLPanelPreference,1,1,P3,TBD,Lane D,Call LLPanelPreference batch 001 (1 TODOs)
CALL-LLTRACKER-B001,Call LLTracker,1,1,P3,TBD,Lane D,Call LLTracker batch 001 (1 TODOs)
DISPATCH-DND-EVENT-B001,Dispatch DnD event,1,1,P3,TBD,Lane D,Dispatch DnD event batch 001 (1 TODOs)
FOCUS-CAMERA-ON-AVATAR-POSITION-VIA-LLAVATARACTIONS-B001,Focus camera on avatar position via LLAvatarActions,1,1,P3,TBD,Lane D,Focus camera on avatar position via LLAvatarActions batch 001 (1 TODOs)
FOR-EACH-ITEM-IN-FRIEND-LIST-B001,For each item in friend list,1,1,P3,TBD,Lane D,For each item in friend list batch 001 (1 TODOs)
GPU-SURFACE-B001,GPU/surface,1,1,P3,TBD,Lane D,GPU/surface batch 001 (1 TODOs)
HANDLE-DAD-PERSON-B001,Handle DAD_PERSON,1,1,P3,TBD,Lane D,Handle DAD_PERSON batch 001 (1 TODOs)
HANDLE-SAVE-COMPLETION-B001,Handle save completion,1,1,P3,TBD,Lane D,Handle save completion batch 001 (1 TODOs)
IF-FSUSEALTOOC-B001,If FSUseAltOOC,1,1,P3,TBD,Lane D,If FSUseAltOOC batch 001 (1 TODOs)
IF-FSUSECTRLSHOUT-B001,If FSUseCtrlShout,1,1,P3,TBD,Lane D,If FSUseCtrlShout batch 001 (1 TODOs)
IF-FSUSESHIFTWHISPER-B001,If FSUseShiftWhisper,1,1,P3,TBD,Lane D,If FSUseShiftWhisper batch 001 (1 TODOs)
IF-AGENT-VALID-AND-WORLD-LFSIMFEATUREHANDLER-EXIST-B001,If agent valid and world/LFSimFeatureHandler exist,1,1,P3,TBD,Lane D,If agent valid and world/LFSimFeatureHandler exist batch 001 (1 TODOs)
IF-ID-NON-NULL-AND-IS-AGENT-MAPPABLE-B001,If id non-null and is_agent_mappable,1,1,P3,TBD,Lane D,If id non-null and is_agent_mappable batch 001 (1 TODOs)
IF-IDS-NAMES-NON-EMPTY-B001,If ids/names non-empty,1,1,P3,TBD,Lane D,If ids/names non-empty batch 001 (1 TODOs)
IF-INPUTEDITOR-NON-NULL-B001,If inputEditor non-null,1,1,P3,TBD,Lane D,If inputEditor non-null batch 001 (1 TODOs)
IF-INPUTEDITOR-TEXT-NON-EMPTY-B001,If inputEditor text non-empty,1,1,P3,TBD,Lane D,If inputEditor text non-empty batch 001 (1 TODOs)
IF-SELECTED-VALUE-NON-NULL-B001,If selected value non-null,1,1,P3,TBD,Lane D,If selected value non-null batch 001 (1 TODOs)
LLAPPEARANCEMGR-B001,LLAppearanceMgr,1,1,P3,TBD,Lane D,LLAppearanceMgr batch 001 (1 TODOs)
LLFEATUREMANAGER-B001,LLFeatureManager,1,1,P3,TBD,Lane D,LLFeatureManager batch 001 (1 TODOs)
LLFLOATERWORLDMAP-B001,LLFloaterWorldMap,1,1,P3,TBD,Lane D,LLFloaterWorldMap batch 001 (1 TODOs)
LLPIPELINE-B001,LLPipeline,1,1,P3,TBD,Lane D,LLPipeline batch 001 (1 TODOs)
NET-B001,NET,1,1,P3,TBD,Lane D,NET batch 001 (1 TODOs)
NOTE-B001,Note,1,1,P3,TBD,Lane D,Note batch 001 (1 TODOs)
READ-BINARY-CACHE-HEADER-B001,Read binary cache header,1,1,P3,TBD,Lane D,Read binary cache header batch 001 (1 TODOs)
REFLOW-UI-LAYOUT-B001,Reflow UI layout,1,1,P3,TBD,Lane D,Reflow UI layout batch 001 (1 TODOs)
RESTORE-COLUMN-DISPLAY-MODE-SETTING-B001,Restore column display mode setting,1,1,P3,TBD,Lane D,Restore column display mode setting batch 001 (1 TODOs)
UPDATE-COLUMNS-IN-THE-SCROLL-LIST-ROW-FOR-AGENTID-B001,Update columns in the scroll-list row for agentId,1,1,P3,TBD,Lane D,Update columns in the scroll-list row for agentId batch 001 (1 TODOs)
USE-LLAVATARACTIONS-B001,Use LLAvatarActions,1,1,P3,TBD,Lane D,Use LLAvatarActions batch 001 (1 TODOs)
WORKER-B001,WORKER,1,1,P3,TBD,Lane D,WORKER batch 001 (1 TODOs)
ANIMATEALLWEARABLEPARAMS-B001,animateAllWearableParams,1,1,P3,TBD,Lane D,animateAllWearableParams batch 001 (1 TODOs)
CALLAFTERCOFFETCH-B001,callAfterCOFFetch,1,1,P3,TBD,Lane D,callAfterCOFFetch batch 001 (1 TODOs)
CANMOVEWEARABLE-B001,canMoveWearable,1,1,P3,TBD,Lane D,canMoveWearable batch 001 (1 TODOs)
CHANGEOUTFIT-B001,changeOutfit,1,1,P3,TBD,Lane D,changeOutfit batch 001 (1 TODOs)
CLEANUP-B001,cleanup,1,1,P3,TBD,Lane D,cleanup batch 001 (1 TODOs)
CREATESTANDARDWEARABLES-B001,createStandardWearables,1,1,P3,TBD,Lane D,createStandardWearables batch 001 (1 TODOs)
CURRENTCAMERABUILDOFFSET-B001,currentCameraBuildOffset,1,1,P3,TBD,Lane D,currentCameraBuildOffset batch 001 (1 TODOs)
DIVVYWEARABLESBYTYPE-B001,divvyWearablesByType,1,1,P3,TBD,Lane D,divvyWearablesByType batch 001 (1 TODOs)
DUMPCOF-B001,dumpCOF,1,1,P3,TBD,Lane D,dumpCOF batch 001 (1 TODOs)
EDITWEARABLEIFREQUESTED-B001,editWearableIfRequested,1,1,P3,TBD,Lane D,editWearableIfRequested batch 001 (1 TODOs)
FINDDESCENDENTCATEGORYIDBYNAME-B001,findDescendentCategoryIDByName,1,1,P3,TBD,Lane D,findDescendentCategoryIDByName batch 001 (1 TODOs)
GETAGENTHUDTARGETZOOM-B001,getAgentHUDTargetZoom,1,1,P3,TBD,Lane D,getAgentHUDTargetZoom batch 001 (1 TODOs)
GETCHARACTERROTATION-B001,getCharacterRotation,1,1,P3,TBD,Lane D,getCharacterRotation batch 001 (1 TODOs)
GETPOSITIONAGENT-B001,getPositionAgent,1,1,P3,TBD,Lane D,getPositionAgent batch 001 (1 TODOs)
GETTIMEDILATION-B001,getTimeDilation,1,1,P3,TBD,Lane D,getTimeDilation batch 001 (1 TODOs)
INITCOFID-B001,initCOFID,1,1,P3,TBD,Lane D,initCOFID batch 001 (1 TODOs)
ISVISUALLYMUTED-B001,isVisuallyMuted,1,1,P3,TBD,Lane D,isVisuallyMuted batch 001 (1 TODOs)
MOVEWEARABLE-B001,moveWearable,1,1,P3,TBD,Lane D,moveWearable batch 001 (1 TODOs)
ONFIRSTFULLYVISIBLE-B001,onFirstFullyVisible,1,1,P3,TBD,Lane D,onFirstFullyVisible batch 001 (1 TODOs)
REMOVEALLCLOTHESFROMAVATAR-B001,removeAllClothesFromAvatar,1,1,P3,TBD,Lane D,removeAllClothesFromAvatar batch 001 (1 TODOs)
REMOVEWEARABLE-B001,removeWearable,1,1,P3,TBD,Lane D,removeWearable batch 001 (1 TODOs)
REQUESTSERVERAPPEARANCEUPDATE-B001,requestServerAppearanceUpdate,1,1,P3,TBD,Lane D,requestServerAppearanceUpdate batch 001 (1 TODOs)
SAVEALLWEARABLES-B001,saveAllWearables,1,1,P3,TBD,Lane D,saveAllWearables batch 001 (1 TODOs)
SENDAGENTWEARABLESUPDATE-B001,sendAgentWearablesUpdate,1,1,P3,TBD,Lane D,sendAgentWearablesUpdate batch 001 (1 TODOs)
SENDDUMMYAGENTWEARABLESUPDATE-B001,sendDummyAgentWearablesUpdate,1,1,P3,TBD,Lane D,sendDummyAgentWearablesUpdate batch 001 (1 TODOs)
SETOUTFITLOCKED-B001,setOutfitLocked,1,1,P3,TBD,Lane D,setOutfitLocked batch 001 (1 TODOs)
SETWEARABLEOUTFIT-B001,setWearableOutfit,1,1,P3,TBD,Lane D,setWearableOutfit batch 001 (1 TODOs)
SORTITEMSBYACTUALDESCRIPTION-B001,sortItemsByActualDescription,1,1,P3,TBD,Lane D,sortItemsByActualDescription batch 001 (1 TODOs)
UPDATEAGENTWEARABLES-B001,updateAgentWearables,1,1,P3,TBD,Lane D,updateAgentWearables batch 001 (1 TODOs)
UPDATEISDIRTY-B001,updateIsDirty,1,1,P3,TBD,Lane D,updateIsDirty batch 001 (1 TODOs)
WEARMULTIPLE-B001,wearMultiple,1,1,P3,TBD,Lane D,wearMultiple batch 001 (1 TODOs)
